<?xml version="1.0" encoding="UTF-8"?>
<metadata xml:lang="en"><Esri><CreaDate>20210224</CreaDate><CreaTime>13543500</CreaTime><ArcGISFormat>1.0</ArcGISFormat><SyncOnce>TRUE</SyncOnce><DataProperties><itemProps><itemLocation><linkage Sync="TRUE">file://\\BIOL-114309\E$\Dropbox (Personal)\Louisiana\admin\admin_teaching\2021_spatial_data\exam1\data\exam1_data\Mexico_cntry</linkage><protocol Sync="TRUE">Local Area Network</protocol></itemLocation></itemProps><copyHistory><copy source="E:\Dropbox (Personal)\ArcGIS\data\ERSI Data\mexico\data\Mexico_cntry" dest="\\BIOL-114309\E$\Dropbox (Personal)\Louisiana\admin\admin_teaching\2021_spatial_data\exam1\data\exam1_data\Mexico_cntry" date="20210224" time="13543500"></copy></copyHistory></DataProperties></Esri></metadata>
